{
    "Version": "2012-10-17",
    "Statement": [
        {
            "Sid": "Stmt1501679185000",
            "Effect": "Allow",
            "Action": [
                "ec2:StartInstances",
                "ec2:StopInstances"
            ],
            "Resource": [
                "arn:aws:ec2:ap-south-1:142258739765:instance/i-011ba438acd0f386a",
                "arn:aws:ec2:ap-south-1:142258739765:instance/i-097a242af642887dc",
				"arn:aws:ec2:ap-south-1:142258739765:instance/i-09ad55cf89af23ba5"
            ]
        },
        {
            "Sid": "Stmt1501679185111",
            "Effect": "Allow",
            "Action": [
                "ec2:DescribeInstances"
            ],
            "Resource": [
                "*"
            ]
        }
    ]
}