{
    "Version": "2012-10-17",
    "Statement": [
        {
            "Sid": "Stmt1501679185000",
            "Effect": "Allow",
            "Action": [
                "ec2:StartInstances",
                "ec2:StopInstances"
            ],
            "Resource": [
                "*"
            ],
            "Condition": {
                "StringEquals": {
                    "ec2:ResourceTag/Project": "ISOP"
                }
            }
        },
        {
            "Sid": "Stmt1501679185111",
            "Effect": "Allow",
            "Action": [
                "ec2:DescribeInstances"
            ],
            "Resource": [
                "*"
            ]
        }
    ]
}