{
    "Version": "2012-10-17",
    "Statement": [
        {           
            "Effect": "Allow",
            "Action": [
                "rds:StopDBInstance",
                "rds:StartDBInstance"
            ],
            "Resource": [
                "arn:aws:rds:ap-south-1:142258739765:db:ccpdb",
                "arn:aws:rds:ap-south-1:142258739765:db:ccpdrupal-mysql"
            ]
        },
        {
            "Sid": "Stmt1501679185111",
            "Effect": "Allow",
            "Action": [
                "rds:DescribeDBInstances"
            ],
            "Resource": [
                "*"
            ]
        }
    ]
}